id,title,link,summary,published,source,org,mapped_stock_id,ticker,stock,industry
2d903f26-0885-11ee-ad77-acde48001122,Indoco Remedies receives EU GMP certification for its Himachal Pradesh manufacturing facility,https://www.cnbctv18.com/business/companies/indoco-remedies-eu-gmp-certification-baddi-himachal-pradesh-solan-oral-dosage-facility-16894121.htm,"The inspection was conducted by the German Health Authority at the company’s manufacturing unit from May 22-25, 2023.",2023-06-09 16:17:01,cnbc,Indoco Remedies,118788d8-25b6-11ec-afd7-8c859079d2ba,INDOCO,Indoco Remedies Ltd.,Pharmaceuticals & Drugs
2d903ff8-0885-11ee-ad77-acde48001122,"Macquarie downgrades HDFC Life, ICICI Prudential, SBI Life to neutral, cuts target prices",https://www.cnbctv18.com/finance/macquarie-downgrades-hdfc-life-icici-prudential-sbi-life-to-neutral-cuts-target-prices-16890921.htm,"While the target price for HDFC Life Insurance has been cut to Rs 556 from Rs 655 earlier, ICICI Prudential Life target price has been slashed Rs 486 from Rs 580 and SBI Life Insurance target price to Rs 1,306 from Rs 1,580 a share.",2023-06-09 13:52:05,cnbc,HDFC Life,1187f6f6-25b6-11ec-966b-8c859079d2ba,HDFCLIFE,HDFC Life Insurance Co Ltd.,Insurance
2d903ff8-0885-11ee-ad77-acde48001122,"Macquarie downgrades HDFC Life, ICICI Prudential, SBI Life to neutral, cuts target prices",https://www.cnbctv18.com/finance/macquarie-downgrades-hdfc-life-icici-prudential-sbi-life-to-neutral-cuts-target-prices-16890921.htm,"While the target price for HDFC Life Insurance has been cut to Rs 556 from Rs 655 earlier, ICICI Prudential Life target price has been slashed Rs 486 from Rs 580 and SBI Life Insurance target price to Rs 1,306 from Rs 1,580 a share.",2023-06-09 13:52:05,cnbc,ICICI Prudential,,nan,nan,nan
2d903ff8-0885-11ee-ad77-acde48001122,"Macquarie downgrades HDFC Life, ICICI Prudential, SBI Life to neutral, cuts target prices",https://www.cnbctv18.com/finance/macquarie-downgrades-hdfc-life-icici-prudential-sbi-life-to-neutral-cuts-target-prices-16890921.htm,"While the target price for HDFC Life Insurance has been cut to Rs 556 from Rs 655 earlier, ICICI Prudential Life target price has been slashed Rs 486 from Rs 580 and SBI Life Insurance target price to Rs 1,306 from Rs 1,580 a share.",2023-06-09 13:52:05,cnbc,Macquarie,,nan,nan,nan
2d903ff8-0885-11ee-ad77-acde48001122,"Macquarie downgrades HDFC Life, ICICI Prudential, SBI Life to neutral, cuts target prices",https://www.cnbctv18.com/finance/macquarie-downgrades-hdfc-life-icici-prudential-sbi-life-to-neutral-cuts-target-prices-16890921.htm,"While the target price for HDFC Life Insurance has been cut to Rs 556 from Rs 655 earlier, ICICI Prudential Life target price has been slashed Rs 486 from Rs 580 and SBI Life Insurance target price to Rs 1,306 from Rs 1,580 a share.",2023-06-09 13:52:05,cnbc,SBI Life,1187ea26-25b6-11ec-897e-8c859079d2ba,SBILIFE,SBI Life Insurance Company Ltd.,Insurance
2d90400c-0885-11ee-ad77-acde48001122,Zydus Lifesciences begins Phase-IV trial for non-alcoholic fatty liver disease drug  ,https://www.cnbctv18.com/healthcare/zydus-lifesciences-phase-iv-trial-non-alcoholic-fatty-liver-disease-drug-nfld-comorbidities-16892151.htm,"This will include a total of around 1,500 male and female NAFLD patients having comorbidities like obesity, dyslipidemia, type 2 diabetes mellitus or metabolic syndrome.",2023-06-09 13:56:48,cnbc,Zydus Lifesciences,11898bb0-25b6-11ec-8e40-8c859079d2ba,SMSLIFE,SMS Lifesciences India Ltd.,Pharmaceuticals & Drugs
2d9041ba-0885-11ee-ad77-acde48001122,Asia stocks advance on hells of S&P 500’s bull run,https://www.cnbctv18.com/market/asia-stocks-advance-on-hells-of-sp-500s-bull-run-16888601.htm,"The rise for Japanese equities snapped a two-day decline while Australian shares rebounded after falling in the prior three sessions. The improvements, combined with an advance for Hong Kong futures, place a regional equity index on pace for its second weekly gain.",2023-06-09 06:23:31,cnbc,S & P,,nan,nan,nan
2d90421e-0885-11ee-ad77-acde48001122,"Large deal likely in Kotak Bank, MedPlus, HNIs buy Shree Renuka - Stocks that kept dealers busy on Thursday",https://www.cnbctv18.com/market/dealing-room-check-kotak-bank-medplus-shree-renuka-religare-nifty-50-16884741.htm,"Metal stocks and power-related stocks were well bid, according to dealers. Power Finance Corporation ended higher for the ninth day in a row.",2023-06-08 16:19:41,cnbc,HNI,,nan,nan,nan
2d90421e-0885-11ee-ad77-acde48001122,"Large deal likely in Kotak Bank, MedPlus, HNIs buy Shree Renuka - Stocks that kept dealers busy on Thursday",https://www.cnbctv18.com/market/dealing-room-check-kotak-bank-medplus-shree-renuka-religare-nifty-50-16884741.htm,"Metal stocks and power-related stocks were well bid, according to dealers. Power Finance Corporation ended higher for the ninth day in a row.",2023-06-08 16:19:41,cnbc,Kotak Bank,11854afa-25b6-11ec-827f-8c859079d2ba,KOTAKBANK,Kotak Mahindra Bank Ltd.,Bank - Private
2d90421e-0885-11ee-ad77-acde48001122,"Large deal likely in Kotak Bank, MedPlus, HNIs buy Shree Renuka - Stocks that kept dealers busy on Thursday",https://www.cnbctv18.com/market/dealing-room-check-kotak-bank-medplus-shree-renuka-religare-nifty-50-16884741.htm,"Metal stocks and power-related stocks were well bid, according to dealers. Power Finance Corporation ended higher for the ninth day in a row.",2023-06-08 16:19:41,cnbc,MedPlus,,nan,nan,nan
2d90421e-0885-11ee-ad77-acde48001122,"Large deal likely in Kotak Bank, MedPlus, HNIs buy Shree Renuka - Stocks that kept dealers busy on Thursday",https://www.cnbctv18.com/market/dealing-room-check-kotak-bank-medplus-shree-renuka-religare-nifty-50-16884741.htm,"Metal stocks and power-related stocks were well bid, according to dealers. Power Finance Corporation ended higher for the ninth day in a row.",2023-06-08 16:19:41,cnbc,Shr Ren,,nan,nan,nan
2d903ee0-0885-11ee-ad77-acde48001122,"FIIs sell Varun Beverages, Tech Mahindra, buy Manappuram Finance - Stocks that kept dealers busy on Friday",https://www.cnbctv18.com/market/dealing-room-check-manappuram-finance-varun-beverages-tech-mahindra-cms-info-systems-nifty-50-16894841.htm,"The flows were mixed with a positive bias at the FII desk and will be impacted by few large block deals. Dealer's suggest that private banks were well bid at FII desk. US Fed outcome and monsoon progress are the key near-term triggers for the domestic market.",2023-06-09 16:59:21,cnbc,F,,nan,nan,nan
2d903ee0-0885-11ee-ad77-acde48001122,"FIIs sell Varun Beverages, Tech Mahindra, buy Manappuram Finance - Stocks that kept dealers busy on Friday",https://www.cnbctv18.com/market/dealing-room-check-manappuram-finance-varun-beverages-tech-mahindra-cms-info-systems-nifty-50-16894841.htm,"The flows were mixed with a positive bias at the FII desk and will be impacted by few large block deals. Dealer's suggest that private banks were well bid at FII desk. US Fed outcome and monsoon progress are the key near-term triggers for the domestic market.",2023-06-09 16:59:21,cnbc,Manappuram Finance,11871a2e-25b6-11ec-85d9-8c859079d2ba,MANAPPURAM,Manappuram Finance Ltd.,Finance - NBFC
2d903ee0-0885-11ee-ad77-acde48001122,"FIIs sell Varun Beverages, Tech Mahindra, buy Manappuram Finance - Stocks that kept dealers busy on Friday",https://www.cnbctv18.com/market/dealing-room-check-manappuram-finance-varun-beverages-tech-mahindra-cms-info-systems-nifty-50-16894841.htm,"The flows were mixed with a positive bias at the FII desk and will be impacted by few large block deals. Dealer's suggest that private banks were well bid at FII desk. US Fed outcome and monsoon progress are the key near-term triggers for the domestic market.",2023-06-09 16:59:21,cnbc,Tech Mahindra,11879dbe-25b6-11ec-88ef-8c859079d2ba,TECHM,Tech Mahindra Ltd.,IT - Software
2d903ee0-0885-11ee-ad77-acde48001122,"FIIs sell Varun Beverages, Tech Mahindra, buy Manappuram Finance - Stocks that kept dealers busy on Friday",https://www.cnbctv18.com/market/dealing-room-check-manappuram-finance-varun-beverages-tech-mahindra-cms-info-systems-nifty-50-16894841.htm,"The flows were mixed with a positive bias at the FII desk and will be impacted by few large block deals. Dealer's suggest that private banks were well bid at FII desk. US Fed outcome and monsoon progress are the key near-term triggers for the domestic market.",2023-06-09 16:59:21,cnbc,Vn Beverages,1187e3be-25b6-11ec-a27d-8c859079d2ba,VBL,Varun Beverages Ltd.,Consumer Food
2d9041d8-0885-11ee-ad77-acde48001122,HMA Agro Industries fixes price band at Rs 555-585 per share for June 20 IPO,https://www.cnbctv18.com/market/hma-agro-industries-ipo-gmp-news-price-band-to-open-june-20-subscription-16887451.htm,HMA Agro Industries IPO: The initial share sale includes a fresh issue of Rs 150 crore and an offer for the sale of up to Rs 330 crore by promoters and selling shareholders.,2023-06-08 21:15:31,cnbc,HMA Agro Industries,1185a6e4-25b6-11ec-9cc1-8c859079d2ba,506543,MP Agro Industries Ltd.,Fertilizers
2d90405c-0885-11ee-ad77-acde48001122,Indusind Bank and Apollo Tyres: Top stock picks to keep on your radar,https://www.cnbctv18.com/market/indusind-bank-apollo-tyres-top-stock-picks-stocks-to-buy-16891611.htm,"Prakash Gaba's insights on IndusInd Bank and Apollo Tyres provide potential investment opportunities for those interested in the stock market.",2023-06-09 13:11:50,cnbc,Apollo Tyres,11856c2e-25b6-11ec-a9eb-8c859079d2ba,APOLLOTYRE,Apollo Tyres Ltd.,Tyres & Allied
2d90405c-0885-11ee-ad77-acde48001122,Indusind Bank and Apollo Tyres: Top stock picks to keep on your radar,https://www.cnbctv18.com/market/indusind-bank-apollo-tyres-top-stock-picks-stocks-to-buy-16891611.htm,"Prakash Gaba's insights on IndusInd Bank and Apollo Tyres provide potential investment opportunities for those interested in the stock market.",2023-06-09 13:11:50,cnbc,Indusind Bank,118762c2-25b6-11ec-ad02-8c859079d2ba,INDUSINDBK,IndusInd Bank Ltd.,Bank - Private
2d9040c0-0885-11ee-ad77-acde48001122,Infosys shares can deliver up to 18% return despite near-term weakness — should you buy?,https://www.cnbctv18.com/market/infosys-share-price-can-deliver-18-percent-return-despite-near-term-weakness-buy-sell-hold-infy-stock-16883001.htm,"The Infosys stock is down 16 percent so far this year on concerns over an earnings slowdown, making it the worst performer on the NSE Nifty 50 Index after Adani Enterprises Ltd. Yet, 62 percent of the 47 firms tracking Infosys still have buy ratings on the stock.",2023-06-09 07:15:53,cnbc,Infosys,11854534-25b6-11ec-a50c-8c859079d2ba,INFY,Infosys Ltd.,IT - Software
2d9040a2-0885-11ee-ad77-acde48001122,Kotak Mahindra Bank shares drop after 1.7% equity change hands,https://www.cnbctv18.com/market/kotak-mahindra-bank-shares-drop-after-block-deal-canada-pension-fund-16889381.htm,"The development comes amid buzz that Canada Pension Fund is planning to offload 3.3 crore shares, representing a 1.6 percent stake in Kotak Mahindra Bank, for $750 million through a block deal on Friday, sources told CNBC-TV 18.",2023-06-09 10:13:17,cnbc,Kotak Mahindra Bank,11854afa-25b6-11ec-827f-8c859079d2ba,KOTAKBANK,Kotak Mahindra Bank Ltd.,Bank - Private
2d903ef4-0885-11ee-ad77-acde48001122,"Market at close | IT shares drag headline indices lower, Nifty 50 below 18,600",https://www.cnbctv18.com/market/market-at-close-it-shares-drag-headline-indices-lower-nifty-50-below-18600-bse-sensex-hero-moto-nifty-bank-iex-paytm-16894311.htm,"Hero MotoCorp, Divis Laboratories, Tata Steel, HDFC Life, and Eicher Motors were the top losers on the Nifty 50  while IndusInd Bank, Axis Bank, L&T, Adani Enterprises, and Power Grid Corporation were the top gainers. In terms of sectors, Nifty capital goods climbed 1 percent. However, FMCG, PSU Bank, Information Technology, metal, and oil and gas sectors saw a decline of 0.5-1 percent.",2023-06-09 15:51:51,cnbc,IT,,nan,nan,nan
2d904250-0885-11ee-ad77-acde48001122,"Market at close | Sensex, Nifty 50 fail to hold intra-day recovery, snap 4-day gaining streak",https://www.cnbctv18.com/market/market-at-close--sensex-nifty-50-fail-to-hold-intra-day-recovery-snap-4-day-gaining-streak-16884221.htm,"Grasim Industries, Kotak Mahindra Bank, Sun Pharma, Tech Mahindra and Apollo Hospitals were among the top losers on the Nifty 50, while gainers were NTPC, JSW Steel, ONGC, Power Grid Corp and Larsen and Toubro. ",2023-06-08 15:49:33,cnbc,Sensex,,nan,nan,nan
2d904142-0885-11ee-ad77-acde48001122,"Marketbuzz Podcast with Reema Tendulkar: Sensex, Nifty 50 to open higher as odds of Fed rate pause rise",https://www.cnbctv18.com/market/marketbuzz-podcast-with-reema-tendulkar-sensex-nifty-50-to-open-higher-as-odds-of-fed-rate-pause-rise-16889141.htm,"Marketbuzz Podcast with Reema Tendulkar: Sensex and Nifty 50 are set to open higher tracking global peers, as increased probability of a rate pause from the US central bank. Tune in to the podcast for more",2023-06-09 08:40:58,cnbc,Fed,,nan,nan,nan
2d904142-0885-11ee-ad77-acde48001122,"Marketbuzz Podcast with Reema Tendulkar: Sensex, Nifty 50 to open higher as odds of Fed rate pause rise",https://www.cnbctv18.com/market/marketbuzz-podcast-with-reema-tendulkar-sensex-nifty-50-to-open-higher-as-odds-of-fed-rate-pause-rise-16889141.htm,"Marketbuzz Podcast with Reema Tendulkar: Sensex and Nifty 50 are set to open higher tracking global peers, as increased probability of a rate pause from the US central bank. Tune in to the podcast for more",2023-06-09 08:40:58,cnbc,Sense,,nan,nan,nan
2d903f44-0885-11ee-ad77-acde48001122,"Midcap private banks poised to outperform PSU banks, says Morgan Stanley",https://www.cnbctv18.com/market/midcap-private-banks-poised-to-outperform-psu-banks-morgan-stanley-icici-bank-axis-bank-au-small-finance-bank-sbi-rbl-bank-indusind-bank-16892601.htm,"Morgan Stanley believes that private banks, particularly midcap private banks, are well-positioned to outperform PSU bank stocks. Their top bets, including ICICI Bank and Axis Bank, have shown promise, and the firm has increased the target prices for Indusind Bank, RBL Bank, and AU Small Finance Bank. ",2023-06-09 16:12:18,cnbc,Morgan Stanley,,nan,nan,nan
2d903f44-0885-11ee-ad77-acde48001122,"Midcap private banks poised to outperform PSU banks, says Morgan Stanley",https://www.cnbctv18.com/market/midcap-private-banks-poised-to-outperform-psu-banks-morgan-stanley-icici-bank-axis-bank-au-small-finance-bank-sbi-rbl-bank-indusind-bank-16892601.htm,"Morgan Stanley believes that private banks, particularly midcap private banks, are well-positioned to outperform PSU bank stocks. Their top bets, including ICICI Bank and Axis Bank, have shown promise, and the firm has increased the target prices for Indusind Bank, RBL Bank, and AU Small Finance Bank. ",2023-06-09 16:12:18,cnbc,PSU,,nan,nan,nan
2d903fa8-0885-11ee-ad77-acde48001122,Nifty Realty index falls for the first time in 7 sessions post RBI policy outcome,https://www.cnbctv18.com/market/nifty-realty-index-falls-for-the-first-time-in-seven-trading-sessions-rbi-policy-dlf-lodha-shares-16882021.htm,Realty stocks succumbed to profit booking today with Nifty Realty declining 2 percent after the RBI decided to keep repo rates unchanged at 6.5 percent for the second consecutive time in a row,2023-06-08 13:58:37,cnbc,RBI,,nan,nan,nan
2d903fa8-0885-11ee-ad77-acde48001122,Nifty Realty index falls for the first time in 7 sessions post RBI policy outcome,https://www.cnbctv18.com/market/nifty-realty-index-falls-for-the-first-time-in-seven-trading-sessions-rbi-policy-dlf-lodha-shares-16882021.htm,Realty stocks succumbed to profit booking today with Nifty Realty declining 2 percent after the RBI decided to keep repo rates unchanged at 6.5 percent for the second consecutive time in a row,2023-06-08 13:58:37,cnbc, Real,,nan,nan,nan
2d903f8a-0885-11ee-ad77-acde48001122,"Paytm and Zomato over Tata Motors —Samir Arora's unconventional investment strategy",https://www.cnbctv18.com/market/paytm-and-zomato-over-tata-motors-samir-aroras-unconventional-investment-strategy-16892691.htm,"In an interview with CNBC-TV18, Samir Arora, Founder and Fund Manager at Helios Capital said that the IT sector is likely to face additional challenges in the near future. While he acknowledged the potential of companies like Paytm and Zomato, he believes that the IT industry will confront obstacles that may impact its performance.",2023-06-09 15:17:29,cnbc,Paytm,,nan,nan,nan
2d903f8a-0885-11ee-ad77-acde48001122,"Paytm and Zomato over Tata Motors —Samir Arora's unconventional investment strategy",https://www.cnbctv18.com/market/paytm-and-zomato-over-tata-motors-samir-aroras-unconventional-investment-strategy-16892691.htm,"In an interview with CNBC-TV18, Samir Arora, Founder and Fund Manager at Helios Capital said that the IT sector is likely to face additional challenges in the near future. While he acknowledged the potential of companies like Paytm and Zomato, he believes that the IT industry will confront obstacles that may impact its performance.",2023-06-09 15:17:29,cnbc,Tata Motors,118565e4-25b6-11ec-9e12-8c859079d2ba,TATAMOTORS,Tata Motors Ltd.,Automobiles-Trucks-Lcv
2d903f8a-0885-11ee-ad77-acde48001122,"Paytm and Zomato over Tata Motors —Samir Arora's unconventional investment strategy",https://www.cnbctv18.com/market/paytm-and-zomato-over-tata-motors-samir-aroras-unconventional-investment-strategy-16892691.htm,"In an interview with CNBC-TV18, Samir Arora, Founder and Fund Manager at Helios Capital said that the IT sector is likely to face additional challenges in the near future. While he acknowledged the potential of companies like Paytm and Zomato, he believes that the IT industry will confront obstacles that may impact its performance.",2023-06-09 15:17:29,cnbc,Zomato,1188d850-25b6-11ec-bc43-8c859079d2ba,ZOMATO,Zomato Ltd.,e-Commerce
2d903fbc-0885-11ee-ad77-acde48001122,"Paytm shares near 10-month high, may rally up to 22% more—here're the key triggers for the stock",https://www.cnbctv18.com/market/paytm-share-price-target-rs-950-analysts-see-22-percent-further-upside-on-stock-key-levels-to-watch-16889681.htm,"In terms of technicals, the Paytm stock is displaying several positive technical indicators that make it attractive for long-term investors. On a year-to-date basis, the stock has surged 51 percent, while it has risen more than 47 percent in the last six months. The stock has bounced back 85 percent from its 52-week low level of Rs 439.6",2023-06-09 11:29:10,cnbc,Paytm,,nan,nan,nan
2d903f76-0885-11ee-ad77-acde48001122,Radhakishan Damani portfolio stock rises 3% after Motilal Oswal upgrades stock to buy. Do you own?,https://www.cnbctv18.com/market/radhakishan-damani-stock-dmart-avenue-supermarts-shares-up-motilal-oswal-upgrades-stock-to-buy-do-you-own-16891381.htm,"While most retailers found it difficult to expand their footprint in the last three years due to Covid-19, DMart, despite operating on an ownership model, clocked a strong 20 percent CAGR in area addition over FY20-23, translating into 19 percent revenue growth",2023-06-09 13:40:32,cnbc,Radhakishan Damani,,nan,nan,nan
2d903f58-0885-11ee-ad77-acde48001122,"SBI to raise Rs 50,000 crore via debt instruments in FY24; stock dips 2%",https://www.cnbctv18.com/market/sbi-fundraising-rs-50000-crore-via-debt-instruments-in-fy24-stock-cracks-2-percent-16893701.htm,"SBI will raise the funds in rupee or any other convertible currency by issuing debt instruments. The instruments could be long-term bonds, Basel-III compliant additional tier-1 bonds, or Basel-III compliant tier-2 bonds",2023-06-09 15:29:05,cnbc,SBI,1185391e-25b6-11ec-83e9-8c859079d2ba,SBIN,State Bank Of India,Bank - Public
2d903e90-0885-11ee-ad77-acde48001122,Sensex in red but these 3 BSE small-cap stocks jumped over 20% this week,https://www.cnbctv18.com/market/sensex-in-red-but-these-3-bse-smallcap-stocks-jumped-by-20-percent-in-one-week-top-gainers-16897111.htm,"Among the smallcap pack this week, shares of Greenlam Industries have offered the highest returns of 30 percent, followed by HBL Power Systems (HBL) and Uttam Sugar Mills Limited, which rose 15 percent and 12.47 percent, respectively, an average spike of above 20 percent.",2023-06-10 10:26:36,cnbc,BSE,1187d52c-25b6-11ec-a096-8c859079d2ba,BSE,BSE Ltd.,Finance - Others
2d903e90-0885-11ee-ad77-acde48001122,Sensex in red but these 3 BSE small-cap stocks jumped over 20% this week,https://www.cnbctv18.com/market/sensex-in-red-but-these-3-bse-smallcap-stocks-jumped-by-20-percent-in-one-week-top-gainers-16897111.htm,"Among the smallcap pack this week, shares of Greenlam Industries have offered the highest returns of 30 percent, followed by HBL Power Systems (HBL) and Uttam Sugar Mills Limited, which rose 15 percent and 12.47 percent, respectively, an average spike of above 20 percent.",2023-06-10 10:26:36,cnbc,Sensex,,nan,nan,nan
2d903f12-0885-11ee-ad77-acde48001122,"Stock Market Highlights: Sensex, Nifty 50 end lower dragged by IT shares, up for third straight week",https://www.cnbctv18.com/market/stock-market-live-updates-today-share-market-nifty-sensex-banks-kotak-hal-sbi-tata-steel-power-16888881.htm,"Share Market Highlights: BSE Sensex and NSE Nifty 50 ended a volatile session lower on Friday, ending in the red for second session in a row. Losses in IT and FMCG stocks dragged the headline indices lower. Indices, however, have ended higher for the week. The indices, however, recorded minor gains for the week, up for third straight week.",2023-06-09 07:58:55,cnbc,IT,,nan,nan,nan
2d903f12-0885-11ee-ad77-acde48001122,"Stock Market Highlights: Sensex, Nifty 50 end lower dragged by IT shares, up for third straight week",https://www.cnbctv18.com/market/stock-market-live-updates-today-share-market-nifty-sensex-banks-kotak-hal-sbi-tata-steel-power-16888881.htm,"Share Market Highlights: BSE Sensex and NSE Nifty 50 ended a volatile session lower on Friday, ending in the red for second session in a row. Losses in IT and FMCG stocks dragged the headline indices lower. Indices, however, have ended higher for the week. The indices, however, recorded minor gains for the week, up for third straight week.",2023-06-09 07:58:55,cnbc,Sensex,,nan,nan,nan
2d90423c-0885-11ee-ad77-acde48001122,"Stock Market Highlights: Sensex, Nifty 50 snap four-day winning streak, Nifty Bank falls nearly 300 points",https://www.cnbctv18.com/market/stock-market-live-updates-today-share-market-nifty-sensex-rbi-mpc-policy-options-expiry-tata-motors-omcs-16879141.htm,"Share Market Highlights: Indian equities snapped a four-day gaining streak and saw a bout of profit booking from within touching distance of an all-time high. The Sensex fell 300 points on the weekly options expiry session and fell below the 63,000 mark. The Nifty 50 also closed below the 18,650 mark. 39 index constituents ended with losses on Thursday. ",2023-06-08 08:27:29,cnbc,Nifty Bank,,nan,nan,nan
2d90423c-0885-11ee-ad77-acde48001122,"Stock Market Highlights: Sensex, Nifty 50 snap four-day winning streak, Nifty Bank falls nearly 300 points",https://www.cnbctv18.com/market/stock-market-live-updates-today-share-market-nifty-sensex-rbi-mpc-policy-options-expiry-tata-motors-omcs-16879141.htm,"Share Market Highlights: Indian equities snapped a four-day gaining streak and saw a bout of profit booking from within touching distance of an all-time high. The Sensex fell 300 points on the weekly options expiry session and fell below the 63,000 mark. The Nifty 50 also closed below the 18,650 mark. 39 index constituents ended with losses on Thursday. ",2023-06-08 08:27:29,cnbc,Sensex,,nan,nan,nan
2d90402a-0885-11ee-ad77-acde48001122,Aether Industries signs agreement with Saudi Aramco Tech for new technology - Stock at 52-week high,https://www.cnbctv18.com/market/stocks/aether-industries-saudi-aramco-tech-new-agreement-convergence-polyols-technology-16891431.htm,"These products will be supplied to the customer’s global oil and gas locations, along with in Indian markets.",2023-06-09 13:23:53,cnbc,Aether Industries,11853c5e-25b6-11ec-8c50-8c859079d2ba,ESTER,Ester Industries Ltd.,Plastic Products
2d90402a-0885-11ee-ad77-acde48001122,Aether Industries signs agreement with Saudi Aramco Tech for new technology - Stock at 52-week high,https://www.cnbctv18.com/market/stocks/aether-industries-saudi-aramco-tech-new-agreement-convergence-polyols-technology-16891431.htm,"These products will be supplied to the customer’s global oil and gas locations, along with in Indian markets.",2023-06-09 13:23:53,cnbc,Saudi Aramco Tech,,nan,nan,nan
2d9042b4-0885-11ee-ad77-acde48001122,Gati shares rise as much as 7% after May volumes improve from April,https://www.cnbctv18.com/market/stocks/gati-may-business-update-volumes-improve-from-april-flat-yearly-superhub-launch-bhiwandi-16880761.htm,"Gati launched its superhub in Bhiwandi, Maharashtra, which led to an increase in volumes for the Western Zone.",2023-06-08 11:45:02,cnbc,Gati,11876e52-25b6-11ec-a0a8-8c859079d2ba,GATI,GATI Ltd.,Logistics
2d9040f2-0885-11ee-ad77-acde48001122,Hindustan Aeronautics to consider stock split on June 27 - Stock trades at 52-week high,https://www.cnbctv18.com/market/stocks/hindustan-aeronautics-hal-board-meeting-june-27-stock-split-order-book-outlook-fy24-16889801.htm,"The company’s order book stood at Rs 82,000 crore at the end of March 2023. ",2023-06-09 11:07:28,cnbc,Hindustan Aeronautics,118801fa-25b6-11ec-837e-8c859079d2ba,HAL,Hindustan Aeronautics Ltd.,Airlines
2d903eae-0885-11ee-ad77-acde48001122,LIC increases stake in SAIL to 8.68%,https://www.cnbctv18.com/market/stocks/life-insurance-corporation-of-indialic-increases-stake-sail-868-percent-share-drop-16899081.htm,"The state-owned insurance company bought 8.26 crore shares at an average price of Rs 66.18 per unit. It is 2.001 percent of equity capital, the insurer said in a regulatory filing.",2023-06-09 23:59:32,cnbc,LIC,1188106e-25b6-11ec-a15f-8c859079d2ba,LFIC,Lakshmi Finance & Industrial Corporation Ltd.,Finance - NBFC
2d903eae-0885-11ee-ad77-acde48001122,LIC increases stake in SAIL to 8.68%,https://www.cnbctv18.com/market/stocks/life-insurance-corporation-of-indialic-increases-stake-sail-868-percent-share-drop-16899081.htm,"The state-owned insurance company bought 8.26 crore shares at an average price of Rs 66.18 per unit. It is 2.001 percent of equity capital, the insurer said in a regulatory filing.",2023-06-09 23:59:32,cnbc,SAIL,1185395c-25b6-11ec-8235-8c859079d2ba,SAIL,Steel Authority Of India Ltd.,Steel & Iron Products
2d90420a-0885-11ee-ad77-acde48001122,L&T Finance Holdings recommends final dividend of Rs 2 per share for FY23,https://www.cnbctv18.com/market/stocks/lt-finance-holdings-recommends-final-dividend-of-rs-2-per-share-for-fy23-16884141.htm,"Shares of L&T Finance Holdings Ltd ended at Rs 105.80, down by Rs 1.75, or 1.63 percent on the BSE.",2023-06-08 16:36:42,cnbc,L & T Finance Holdings,118807b8-25b6-11ec-8d52-8c859079d2ba,L&TFH,L&T Finance Holdings Ltd.,Finance - NBFC
2d904282-0885-11ee-ad77-acde48001122,Titagarh Rail board meeting on Saturday to consider raising funds - Shares hit 52-week high,https://www.cnbctv18.com/market/stocks/titagarh-rail-board-meeting-june-10-fund-raising-qip-rights-preferential-issue-shares-16882411.htm,The stock gained for the third day in a row and has now gained 12 percent over the last week.,2023-06-08 14:11:16,cnbc,Titagarh Rail,,nan,nan,nan
2d904124-0885-11ee-ad77-acde48001122,"Technical stock picks | Bharat Forge, Triveni Turbine, SBI, and Praj Industries on the radar",https://www.cnbctv18.com/market/stocks-to-buy-sell-technical-picks-bharat-forge-triveni-turbine-sbi-praj-industries-16889081.htm,"Market tech analysts, Kush Bohra, and Shrikant Chouhan have these recommendations for Friday’s trading session.",2023-06-09 09:26:49,cnbc,Bharat Forge,118563d2-25b6-11ec-a7ec-8c859079d2ba,BHARATFORG,Bharat Forge Ltd.,Forgings
2d904124-0885-11ee-ad77-acde48001122,"Technical stock picks | Bharat Forge, Triveni Turbine, SBI, and Praj Industries on the radar",https://www.cnbctv18.com/market/stocks-to-buy-sell-technical-picks-bharat-forge-triveni-turbine-sbi-praj-industries-16889081.htm,"Market tech analysts, Kush Bohra, and Shrikant Chouhan have these recommendations for Friday’s trading session.",2023-06-09 09:26:49,cnbc,Praj Industries,118669ee-25b6-11ec-8d39-8c859079d2ba,PRAJIND,Praj Industries Ltd.,Engineering - Industrial Equipments
2d904124-0885-11ee-ad77-acde48001122,"Technical stock picks | Bharat Forge, Triveni Turbine, SBI, and Praj Industries on the radar",https://www.cnbctv18.com/market/stocks-to-buy-sell-technical-picks-bharat-forge-triveni-turbine-sbi-praj-industries-16889081.htm,"Market tech analysts, Kush Bohra, and Shrikant Chouhan have these recommendations for Friday’s trading session.",2023-06-09 09:26:49,cnbc,SBI,1185391e-25b6-11ec-83e9-8c859079d2ba,SBIN,State Bank Of India,Bank - Public
2d904124-0885-11ee-ad77-acde48001122,"Technical stock picks | Bharat Forge, Triveni Turbine, SBI, and Praj Industries on the radar",https://www.cnbctv18.com/market/stocks-to-buy-sell-technical-picks-bharat-forge-triveni-turbine-sbi-praj-industries-16889081.htm,"Market tech analysts, Kush Bohra, and Shrikant Chouhan have these recommendations for Friday’s trading session.",2023-06-09 09:26:49,cnbc,Triveni Turbine,11883ada-25b6-11ec-aa3c-8c859079d2ba,TRITURBINE,Triveni Turbine Ltd.,Engineering - Industrial Equipments
2d9040d4-0885-11ee-ad77-acde48001122,This analyst explains why he recommends buy calls on RBL Bank and IOC,https://www.cnbctv18.com/market/stocks-to-buy-technical-picks-rbl-bank-ioc-manas-jaiswal-16890411.htm,"Based on Manas Jaiswal’s expert opinion, RBL Bank and IOC appear to be promising short-term trading opportunities.",2023-06-09 11:42:24,cnbc,IOC,11870a70-25b6-11ec-8b3f-8c859079d2ba,IOC,Indian Oil Corporation Ltd.,Refineries
2d9040d4-0885-11ee-ad77-acde48001122,This analyst explains why he recommends buy calls on RBL Bank and IOC,https://www.cnbctv18.com/market/stocks-to-buy-technical-picks-rbl-bank-ioc-manas-jaiswal-16890411.htm,"Based on Manas Jaiswal’s expert opinion, RBL Bank and IOC appear to be promising short-term trading opportunities.",2023-06-09 11:42:24,cnbc,RBL Bank,1187de78-25b6-11ec-b82f-8c859079d2ba,RBLBANK,RBL Bank Ltd.,Bank - Private
2d90426e-0885-11ee-ad77-acde48001122,"This analyst recommends buying Welspun India and Century Textile, here's why",https://www.cnbctv18.com/market/stocks-to-buy-technical-picks-welspun-india-century-textile-manish-hathiramani-16882761.htm,"Hathiramani's first recommendation is Welspun India, with a target price of Rs 112 and a stop loss at Rs 78. This stock has recently shown positive momentum after surpassing the Rs 75 level. ",2023-06-08 14:13:14,cnbc,Century Textile,11853134-25b6-11ec-8e7f-8c859079d2ba,CENTURYTEX,Century Textiles & Industries Ltd.,Diversified
2d90426e-0885-11ee-ad77-acde48001122,"This analyst recommends buying Welspun India and Century Textile, here's why",https://www.cnbctv18.com/market/stocks-to-buy-technical-picks-welspun-india-century-textile-manish-hathiramani-16882761.htm,"Hathiramani's first recommendation is Welspun India, with a target price of Rs 112 and a stop loss at Rs 78. This stock has recently shown positive momentum after surpassing the Rs 75 level. ",2023-06-08 14:13:14,cnbc,Welspun India,11861d68-25b6-11ec-8b7a-8c859079d2ba,WELSPUNIND,Welspun India Ltd.,Textile
2d904296-0885-11ee-ad77-acde48001122,Trigyn Technologies shares advance on extension of over $250 million contract with United Nations,https://www.cnbctv18.com/market/stocks/trigyn-technologies-contract-extension-with-united-nations-information-and-communication-deal-16881661.htm,"Rest all the remaining terms and conditions of the contract remain unchanged, the company said.",2023-06-08 13:46:47,cnbc,Trigyn Technologies,1186400c-25b6-11ec-b28e-8c859079d2ba,TRIGYN,Trigyn Technologies Ltd.,IT - Software
2d904296-0885-11ee-ad77-acde48001122,Trigyn Technologies shares advance on extension of over $250 million contract with United Nations,https://www.cnbctv18.com/market/stocks/trigyn-technologies-contract-extension-with-united-nations-information-and-communication-deal-16881661.htm,"Rest all the remaining terms and conditions of the contract remain unchanged, the company said.",2023-06-08 13:46:47,cnbc,United Nations,,nan,nan,nan
2d9041ec-0885-11ee-ad77-acde48001122,Urban Enviro Waste Management to launch IPO on June 12,https://www.cnbctv18.com/market/urban-enviro-waste-management-to-launch-ipo-on-june-12-16885681.htm,"The shares of the company will be listed on the NSE EMERGE, a platform for small and medium enterprises, the company said in a statement.",2023-06-08 17:22:08,cnbc,IP,,nan,nan,nan
2d9041ec-0885-11ee-ad77-acde48001122,Urban Enviro Waste Management to launch IPO on June 12,https://www.cnbctv18.com/market/urban-enviro-waste-management-to-launch-ipo-on-june-12-16885681.htm,"The shares of the company will be listed on the NSE EMERGE, a platform for small and medium enterprises, the company said in a statement.",2023-06-08 17:22:08,cnbc,Urban Enviro Waste Management,,nan,nan,nan
2d903fda-0885-11ee-ad77-acde48001122,Here’s what IEX peers have to say about the incoming changes,https://www.cnbctv18.com/market/what-iex-peers-have-to-say-about-the-incoming-changes-hpx-market-coupling-16891811.htm,"Naveen Singh of Hindustan Power Exchange (HPX) believes market coupling, specifically price coupling, will enable exchanges in the Indian electricity market to gain market share and establish uniform prices. This change will introduce competition, dismantle the monopoly of Indian Energy Exchange (IEX), and promote innovation. ",2023-06-09 13:39:35,cnbc,IEX,11882dba-25b6-11ec-82b9-8c859079d2ba,IEX,Indian Energy Exchange Ltd.,Power Generation-Distribution
2d904070-0885-11ee-ad77-acde48001122,Why Indian Energy Exchange shares fell 15% today | Explained,https://www.cnbctv18.com/market/why-iex-indian-energy-exchange-shares-fell-over-8-percent-towards-the-end-of-trade-explained-16884891.htm,"The development would potentially take away IEX's moat of being the most dependable platform price determination as it will allow more exchanges to enter, which will increase competition for IEX.",2023-06-08 17:01:05,cnbc,Indian Energy Exchange,11882dba-25b6-11ec-82b9-8c859079d2ba,IEX,Indian Energy Exchange Ltd.,Power Generation-Distribution
2d904106-0885-11ee-ad77-acde48001122,IIFL Finance NCD issue opens today: Should you invest,https://www.cnbctv18.com/personal-finance/iifl-finance-ncd-issue-opens-today-should-you-invest-interest-rate-coupon-tenure-maturity-16889231.htm,"Non-convertible debentures (NCDs) are fixed-income instruments issued as a public issue to accumulate long-term capital appreciation. So, should you invest in this issue? Read on to know",2023-06-09 11:02:42,cnbc,IIFL Finance NCD,11878bee-25b6-11ec-8ecf-8c859079d2ba,IIFL,IIFL Finance Ltd.,Finance - Investment
2d90408e-0885-11ee-ad77-acde48001122,"Fortis, IEX, Avenue Supermarts and more: Friday's top brokerage calls",https://www.cnbctv18.com/photos/market/fortis-iex-avenue-supermarts-and-more-friday-top-brokerage-calls-16888951.htm,"Goldman Sachs has maintained a 'buy' rating on Fortis with a target of Rs 325 per share, while Macquarie has downgraded its rating from 'neutral' to 'outperform' for HDFC Life, ICICI Prudential Life and SBI Life.",2023-06-09 08:15:25,cnbc,Avenue Supermart,118827e8-25b6-11ec-b599-8c859079d2ba,DMART,Avenue Supermarts Ltd.,Retailing
2d90408e-0885-11ee-ad77-acde48001122,"Fortis, IEX, Avenue Supermarts and more: Friday's top brokerage calls",https://www.cnbctv18.com/photos/market/fortis-iex-avenue-supermarts-and-more-friday-top-brokerage-calls-16888951.htm,"Goldman Sachs has maintained a 'buy' rating on Fortis with a target of Rs 325 per share, while Macquarie has downgraded its rating from 'neutral' to 'outperform' for HDFC Life, ICICI Prudential Life and SBI Life.",2023-06-09 08:15:25,cnbc,Fortis,1187ab24-25b6-11ec-9484-8c859079d2ba,FORTIS,Fortis Healthcare Ltd.,Hospital & Healthcare Services
2d90408e-0885-11ee-ad77-acde48001122,"Fortis, IEX, Avenue Supermarts and more: Friday's top brokerage calls",https://www.cnbctv18.com/photos/market/fortis-iex-avenue-supermarts-and-more-friday-top-brokerage-calls-16888951.htm,"Goldman Sachs has maintained a 'buy' rating on Fortis with a target of Rs 325 per share, while Macquarie has downgraded its rating from 'neutral' to 'outperform' for HDFC Life, ICICI Prudential Life and SBI Life.",2023-06-09 08:15:25,cnbc,IEX,11882dba-25b6-11ec-82b9-8c859079d2ba,IEX,Indian Energy Exchange Ltd.,Power Generation-Distribution
2d9041a6-0885-11ee-ad77-acde48001122,"Stocks to Watch: Kotak Mahindra Bank, Vedanta Resources, PNB, GAIL and more",https://www.cnbctv18.com/photos/market/stocks/stocks-to-watch-kotak-mahindra-bank-vedanta-resources-pnb-gail-and-more-16888421.htm,"Stocks to Watch: Shares of Kotak Mahindra Bank, Vedanta Resources, PNB, GAIL among others to be in focus today. Here are the top stocks to watch out for in trade on June 9.",2023-06-09 06:47:25,cnbc,GAIL,11875ef8-25b6-11ec-95bb-8c859079d2ba,GAIL,GAIL (India) Ltd.,Industrial  Gases & Fuels
2d9041a6-0885-11ee-ad77-acde48001122,"Stocks to Watch: Kotak Mahindra Bank, Vedanta Resources, PNB, GAIL and more",https://www.cnbctv18.com/photos/market/stocks/stocks-to-watch-kotak-mahindra-bank-vedanta-resources-pnb-gail-and-more-16888421.htm,"Stocks to Watch: Shares of Kotak Mahindra Bank, Vedanta Resources, PNB, GAIL among others to be in focus today. Here are the top stocks to watch out for in trade on June 9.",2023-06-09 06:47:25,cnbc,Kotak Mahindra Bank,11854afa-25b6-11ec-827f-8c859079d2ba,KOTAKBANK,Kotak Mahindra Bank Ltd.,Bank - Private
2d9041a6-0885-11ee-ad77-acde48001122,"Stocks to Watch: Kotak Mahindra Bank, Vedanta Resources, PNB, GAIL and more",https://www.cnbctv18.com/photos/market/stocks/stocks-to-watch-kotak-mahindra-bank-vedanta-resources-pnb-gail-and-more-16888421.htm,"Stocks to Watch: Shares of Kotak Mahindra Bank, Vedanta Resources, PNB, GAIL among others to be in focus today. Here are the top stocks to watch out for in trade on June 9.",2023-06-09 06:47:25,cnbc,PNB,11877d0c-25b6-11ec-8e49-8c859079d2ba,PNB,Punjab National Bank,Bank - Public
2d9041a6-0885-11ee-ad77-acde48001122,"Stocks to Watch: Kotak Mahindra Bank, Vedanta Resources, PNB, GAIL and more",https://www.cnbctv18.com/photos/market/stocks/stocks-to-watch-kotak-mahindra-bank-vedanta-resources-pnb-gail-and-more-16888421.htm,"Stocks to Watch: Shares of Kotak Mahindra Bank, Vedanta Resources, PNB, GAIL among others to be in focus today. Here are the top stocks to watch out for in trade on June 9.",2023-06-09 06:47:25,cnbc,Vedanta Resources,,nan,nan,nan
2d904188-0885-11ee-ad77-acde48001122,"Wake Up Call: Nifty 50 sees pressure at higher levels, SBI, Kotak Bank in focus today",https://www.cnbctv18.com/photos/market/wake-up-call-nifty-50-sees-pressure-higher-levels-sbi-kotak-bank-focus-today-16888741.htm,"The market struggles to reach all-time highs, strong global market cues overnight, SBI in focus and more. These are the five things to watch before market opens today:",2023-06-09 07:10:03,cnbc,Kotak Bank,11854afa-25b6-11ec-827f-8c859079d2ba,KOTAKBANK,Kotak Mahindra Bank Ltd.,Bank - Private
2d904188-0885-11ee-ad77-acde48001122,"Wake Up Call: Nifty 50 sees pressure at higher levels, SBI, Kotak Bank in focus today",https://www.cnbctv18.com/photos/market/wake-up-call-nifty-50-sees-pressure-higher-levels-sbi-kotak-bank-focus-today-16888741.htm,"The market struggles to reach all-time highs, strong global market cues overnight, SBI in focus and more. These are the five things to watch before market opens today:",2023-06-09 07:10:03,cnbc,SBI,1185391e-25b6-11ec-83e9-8c859079d2ba,SBIN,State Bank Of India,Bank - Public
2d903bc0-0885-11ee-ad77-acde48001122,Gold price jumps for second straight week on US Fed rate-pause buzz. Buy or wait for FOMC meeting?,https://www.livemint.com/market/commodities/gold-price-jumps-for-second-straight-week-on-us-fed-rate-pause-buzz-buy-or-wait-for-fomc-meeting-11686360706333.html,Gold prices continue to rise for the second straight week amid weakness in the US dollar amid speculations of US Fed rate-pause,2023-06-10 01:43:07,live_mint,FOMC,,nan,nan,nan
2d903bc0-0885-11ee-ad77-acde48001122,Gold price jumps for second straight week on US Fed rate-pause buzz. Buy or wait for FOMC meeting?,https://www.livemint.com/market/commodities/gold-price-jumps-for-second-straight-week-on-us-fed-rate-pause-buzz-buy-or-wait-for-fomc-meeting-11686360706333.html,Gold prices continue to rise for the second straight week amid weakness in the US dollar amid speculations of US Fed rate-pause,2023-06-10 01:43:07,live_mint,US,,nan,nan,nan
2d903b48-0885-11ee-ad77-acde48001122,"Oil reports second weekly decline; Fed decision to influence Saudi's next move, say analysts",https://www.livemint.com/market/commodities/oil-reports-second-weekly-decline-as-demand-concerns-after-chinas-data-overweighs-saudi-cut-11686388898210.html,"Oil prices had risen earlier in the week, due to Saudi Arabia's pledge to cut more output on top of the cuts agreed earlier with the Organization of the Petroleum Exporting Countries and its allies or OPEC+.",2023-06-10 09:35:49,live_mint,Fed,,nan,nan,nan
2d9039c2-0885-11ee-ad77-acde48001122,"OPEC is tackling market ‘uncertainties’, says Saudi's oil minister after output cuts",https://www.livemint.com/market/commodities/opec-is-tackling-market-uncertainties-says-saudis-oil-minister-11686498645781.html,"At the OPEC meeting last week, Saudi Arabia announced a unilateral cut of one million barrels a day for the month of July.",2023-06-11 15:56:14,live_mint,OPEC,,nan,nan,nan
2d903b2a-0885-11ee-ad77-acde48001122,"Bizotic Commercial IPO opens next week. GMP, other details about BSE SME issue",https://www.livemint.com/market/ipo/bizotic-commercial-ipo-opens-next-week-gmp-other-details-about-bse-sme-issue-11686389521766.html,Bizotic Commercial IPO will hit primary market on 12th June and it will remain open till 15th June at a fixed price band of  ₹175 per equity share,2023-06-10 09:39:53,live_mint,Bizotic Commercial IPO,,nan,nan,nan
2d903b2a-0885-11ee-ad77-acde48001122,"Bizotic Commercial IPO opens next week. GMP, other details about BSE SME issue",https://www.livemint.com/market/ipo/bizotic-commercial-ipo-opens-next-week-gmp-other-details-about-bse-sme-issue-11686389521766.html,Bizotic Commercial IPO will hit primary market on 12th June and it will remain open till 15th June at a fixed price band of  ₹175 per equity share,2023-06-10 09:39:53,live_mint,BS,,nan,nan,nan
2d903b7a-0885-11ee-ad77-acde48001122,IKIO Lighting IPO: What GMP signals as focus shifts towards share allotment date,https://www.livemint.com/market/ipo/ikio-lighting-ipo-what-gmp-signals-as-focus-shifts-towards-share-allotment-date-11686378098096.html,"IKIO Lighting IPO GMP: IKIO Lighting IPO allotment date expected on 13th June 2023, with grey market premium (GMP) of  ₹114 signalling a strong debut on Dalal Street",2023-06-10 06:31:19,live_mint,IKIO Lighting IP,,nan,nan,nan
2d903ae4-0885-11ee-ad77-acde48001122,"IPOs this week: HMA Agro Industries, Bizotic Commercial, others. Check details here",https://www.livemint.com/market/ipo/ipos-next-week-hma-agro-industries-bizotic-commercial-others-check-details-here-11686398729474.html,"Urban Enviro Waste Management Ltd, Bizotic Commercial Ltd, Cosmic CRF Ltd, Cell Point (India) Ltd and HMA Agro Industries Ltd are opening for initial public offering (IPOs).",2023-06-10 12:51:30,live_mint,Bizotic Commercial,,nan,nan,nan
2d903ae4-0885-11ee-ad77-acde48001122,"IPOs this week: HMA Agro Industries, Bizotic Commercial, others. Check details here",https://www.livemint.com/market/ipo/ipos-next-week-hma-agro-industries-bizotic-commercial-others-check-details-here-11686398729474.html,"Urban Enviro Waste Management Ltd, Bizotic Commercial Ltd, Cosmic CRF Ltd, Cell Point (India) Ltd and HMA Agro Industries Ltd are opening for initial public offering (IPOs).",2023-06-10 12:51:30,live_mint,HMA Agro Industries,1185a6e4-25b6-11ec-9cc1-8c859079d2ba,506543,MP Agro Industries Ltd.,Fertilizers
2d903bd4-0885-11ee-ad77-acde48001122,Ola IPO: E-scooter maker to hold investor meet in next two weeks on IPO plans,https://www.livemint.com/market/ipo/ola-ipo-e-scooter-maker-to-hold-investor-meet-in-next-two-weeks-on-ipo-plans-bhavish-aggarwal-public-company-11686357314581.html,"Ola electric will hold investors' meet in different countries including Singapore, America, and the UK to discuss its IPO plans up for execution in 2023",2023-06-10 01:01:55,live_mint,IP,,nan,nan,nan
2d903bd4-0885-11ee-ad77-acde48001122,Ola IPO: E-scooter maker to hold investor meet in next two weeks on IPO plans,https://www.livemint.com/market/ipo/ola-ipo-e-scooter-maker-to-hold-investor-meet-in-next-two-weeks-on-ipo-plans-bhavish-aggarwal-public-company-11686357314581.html,"Ola electric will hold investors' meet in different countries including Singapore, America, and the UK to discuss its IPO plans up for execution in 2023",2023-06-10 01:01:55,live_mint,Ola IP,,nan,nan,nan
2d903c6a-0885-11ee-ad77-acde48001122,Western Carriers files DRHP for  ₹500 crore IPO,https://www.livemint.com/market/ipo/western-carriers-files-drhp-for-rs-500-crore-ipo-11686323749978.html,"Western Carriers is India's largest private, multi-modal, rail focused, 4PL asset-light logistics company",2023-06-09 15:19:19,live_mint,Western Carriers,,nan,nan,nan
2d9039e0-0885-11ee-ad77-acde48001122,"PVR Inox’s investors need more Pathaans, and soon enough",https://www.livemint.com/market/mark-to-market/multiplexes-struggle-to-attract-footfalls-as-movies-fail-to-shine-at-box-office-despite-strong-fy24-pipeline-11686498519861.html,"In FY23, footfalls were 16% lower than the pre-pandemic level of FY20, despite a higher number of screens.",2023-06-11 15:48:39,live_mint,Pathaan,,nan,nan,nan
2d9039e0-0885-11ee-ad77-acde48001122,"PVR Inox’s investors need more Pathaans, and soon enough",https://www.livemint.com/market/mark-to-market/multiplexes-struggle-to-attract-footfalls-as-movies-fail-to-shine-at-box-office-despite-strong-fy24-pipeline-11686498519861.html,"In FY23, footfalls were 16% lower than the pre-pandemic level of FY20, despite a higher number of screens.",2023-06-11 15:48:39,live_mint,PVR Inox,,nan,nan,nan
2d9039fe-0885-11ee-ad77-acde48001122,The FII-EM affair: It’s complicated,https://www.livemint.com/market/mark-to-market/the-fii-em-affair-it-s-complicated-11686498458515.html,"Among other factors, recovery in China post lifting of covid lockdowns has been underwhelming and slower-than-anticipated. This is said to have played a role for FIIs while reallocating funds.",2023-06-11 15:47:38,live_mint,EM,,nan,nan,nan
2d903a1c-0885-11ee-ad77-acde48001122,"At 6.6%, Indian stock market delivered higher returns than US, China in last 123 years: DSP Report",https://www.livemint.com/market/stock-market-news/at-6-6-indian-stock-market-delivered-higher-returns-than-us-china-markets-in-last-123-years-dsp-report-11686486084999.html,"This means that India has compounded investors' wealth at 6.6 per cent CAGR or compound annual growth rate, higher than 6.4 per cent CAGR by the United States and 3.3 per cent by China since the year 1900.",2023-06-11 13:26:09,live_mint,DSP,,nan,nan,nan
2d903ac6-0885-11ee-ad77-acde48001122,"Brokerage gives ‘buy’ for Reliance Industries, says concerns on debt are overdone",https://www.livemint.com/market/stock-market-news/brokerage-gives-buy-for-reliance-industries-says-concerns-on-debt-are-overdone-11686407429046.html,"The brokerage has given a target price of  ₹2,900 and said concerns on debt are overdone. that",2023-06-10 16:14:40,live_mint,Reliance Industries,11855400-25b6-11ec-8593-8c859079d2ba,RELIANCE,Reliance Industries Ltd.,Refineries
2d903c88-0885-11ee-ad77-acde48001122,"Bulk deal: Canada Pension Fund sells 1.7% in Kotak Mahindra Bank for  ₹6,123 cr",https://www.livemint.com/market/stock-market-news/bulk-deal-canada-pension-fund-sells-1-7-in-kotak-mahindra-bank-for-rs-6-123-cr-11686319764920.html,"According to bulk deal data on BSE, Canada Pension Plan Investment Board sold 33,000,000 shares at an average price of  ₹1,855.64.",2023-06-09 14:26:03,live_mint,Canada Pension Fund,,nan,nan,nan
2d903c88-0885-11ee-ad77-acde48001122,"Bulk deal: Canada Pension Fund sells 1.7% in Kotak Mahindra Bank for  ₹6,123 cr",https://www.livemint.com/market/stock-market-news/bulk-deal-canada-pension-fund-sells-1-7-in-kotak-mahindra-bank-for-rs-6-123-cr-11686319764920.html,"According to bulk deal data on BSE, Canada Pension Plan Investment Board sold 33,000,000 shares at an average price of  ₹1,855.64.",2023-06-09 14:26:03,live_mint,Kotak Mahindra Bank,11854afa-25b6-11ec-827f-8c859079d2ba,KOTAKBANK,Kotak Mahindra Bank Ltd.,Bank - Private
2d903c38-0885-11ee-ad77-acde48001122,"Bulk deal: CMS Info Systems' promoter sells 13. 7% stake, Norges Bank, ADIA, SBI Mutual fund, others buy",https://www.livemint.com/market/stock-market-news/bulk-deal-cms-info-systems-promoter-sells-stake-norges-bank-adia-sbi-mutual-fund-others-buy-11686322891721.html,"Apart from the foreign investors, three domestic fund houses SBI Mutual Fund, 360 One Mutual Fund, and IIFL Mutual Fund have added stakes in CMS Info Systems,",2023-06-09 15:43:44,live_mint,ADIA,,nan,nan,nan
2d903c38-0885-11ee-ad77-acde48001122,"Bulk deal: CMS Info Systems' promoter sells 13. 7% stake, Norges Bank, ADIA, SBI Mutual fund, others buy",https://www.livemint.com/market/stock-market-news/bulk-deal-cms-info-systems-promoter-sells-stake-norges-bank-adia-sbi-mutual-fund-others-buy-11686322891721.html,"Apart from the foreign investors, three domestic fund houses SBI Mutual Fund, 360 One Mutual Fund, and IIFL Mutual Fund have added stakes in CMS Info Systems,",2023-06-09 15:43:44,live_mint,CMS Info Systems,1185410c-25b6-11ec-ba10-8c859079d2ba,HCL-INSYS,HCL Infosystems Ltd.,Trading
2d903c38-0885-11ee-ad77-acde48001122,"Bulk deal: CMS Info Systems' promoter sells 13. 7% stake, Norges Bank, ADIA, SBI Mutual fund, others buy",https://www.livemint.com/market/stock-market-news/bulk-deal-cms-info-systems-promoter-sells-stake-norges-bank-adia-sbi-mutual-fund-others-buy-11686322891721.html,"Apart from the foreign investors, three domestic fund houses SBI Mutual Fund, 360 One Mutual Fund, and IIFL Mutual Fund have added stakes in CMS Info Systems,",2023-06-09 15:43:44,live_mint,Norges Bank,,nan,nan,nan
2d903c38-0885-11ee-ad77-acde48001122,"Bulk deal: CMS Info Systems' promoter sells 13. 7% stake, Norges Bank, ADIA, SBI Mutual fund, others buy",https://www.livemint.com/market/stock-market-news/bulk-deal-cms-info-systems-promoter-sells-stake-norges-bank-adia-sbi-mutual-fund-others-buy-11686322891721.html,"Apart from the foreign investors, three domestic fund houses SBI Mutual Fund, 360 One Mutual Fund, and IIFL Mutual Fund have added stakes in CMS Info Systems,",2023-06-09 15:43:44,live_mint,SBI Mutual,,nan,nan,nan
2d903a94-0885-11ee-ad77-acde48001122,Here is why United Spirits and Apollo Tyres look attractive,https://www.livemint.com/market/stock-market-news/here-is-why-united-spirits-and-apollo-tyres-look-attractive-11686450553979.html,"Stock market last week: Nifty, Sensex were flat, but small and mid-cap segments outperformed. This shows the investment opportunity is in stocks. Here are 2 ideas by Kunal Shah of LKP Securities.",2023-06-11 02:56:43,live_mint,Apollo Tyres,11856c2e-25b6-11ec-a9eb-8c859079d2ba,APOLLOTYRE,Apollo Tyres Ltd.,Tyres & Allied
2d903a94-0885-11ee-ad77-acde48001122,Here is why United Spirits and Apollo Tyres look attractive,https://www.livemint.com/market/stock-market-news/here-is-why-united-spirits-and-apollo-tyres-look-attractive-11686450553979.html,"Stock market last week: Nifty, Sensex were flat, but small and mid-cap segments outperformed. This shows the investment opportunity is in stocks. Here are 2 ideas by Kunal Shah of LKP Securities.",2023-06-11 02:56:43,live_mint,United Spirits,11877a28-25b6-11ec-920d-8c859079d2ba,MCDOWELL-N,United Spirits Ltd.,Breweries & Distilleries
2d903c56-0885-11ee-ad77-acde48001122,LIC raises stake in SAIL to 8.687% via open market purchase; should you buy this steel stock too?,https://www.livemint.com/market/stock-market-news/lic-increases-stake-in-sail-by-2-001-to-8-687-via-open-market-purchase-should-you-buy-this-steel-stock-11686324576463.html,"LIC has increased its stake in government-owned steel producer SAIL by 2.001% to 8.687% in an open-market purchase. The insurer bought over 8.26 crore equity shares in SAIL between October 14, 2021, and June 8, 2023, at an average cost of  ₹66.18 apiece.",2023-06-09 15:34:10,live_mint,LIC,1188106e-25b6-11ec-a15f-8c859079d2ba,LFIC,Lakshmi Finance & Industrial Corporation Ltd.,Finance - NBFC
2d903c56-0885-11ee-ad77-acde48001122,LIC raises stake in SAIL to 8.687% via open market purchase; should you buy this steel stock too?,https://www.livemint.com/market/stock-market-news/lic-increases-stake-in-sail-by-2-001-to-8-687-via-open-market-purchase-should-you-buy-this-steel-stock-11686324576463.html,"LIC has increased its stake in government-owned steel producer SAIL by 2.001% to 8.687% in an open-market purchase. The insurer bought over 8.26 crore equity shares in SAIL between October 14, 2021, and June 8, 2023, at an average cost of  ₹66.18 apiece.",2023-06-09 15:34:10,live_mint,SAIL,1185395c-25b6-11ec-8235-8c859079d2ba,SAIL,Steel Authority Of India Ltd.,Steel & Iron Products
2d90399a-0885-11ee-ad77-acde48001122,L&amp;T Finance aims 25% CAGR in 3-4 years by focusing on retail as long-term strategy,https://www.livemint.com/market/stock-market-news/lt-finance-aims-25-cagr-in-3-4-years-by-focusing-on-retail-as-long-term-strategy-11686501019290.html,"L&amp;amp;T Finance Group would predominantly become a retail finance company in the long term, gradually reducing the wholesale book from its existing portfolio, which is around  ₹19,500 crore now, according to reports.",2023-06-11 16:52:00,live_mint,L & am,,nan,nan,nan
2d90399a-0885-11ee-ad77-acde48001122,L&amp;T Finance aims 25% CAGR in 3-4 years by focusing on retail as long-term strategy,https://www.livemint.com/market/stock-market-news/lt-finance-aims-25-cagr-in-3-4-years-by-focusing-on-retail-as-long-term-strategy-11686501019290.html,"L&amp;amp;T Finance Group would predominantly become a retail finance company in the long term, gradually reducing the wholesale book from its existing portfolio, which is around  ₹19,500 crore now, according to reports.",2023-06-11 16:52:00,live_mint,T Finance,11856dd2-25b6-11ec-b134-8c859079d2ba,TCIFINANCE,TCI Finance Ltd.,Finance - NBFC
2d903a62-0885-11ee-ad77-acde48001122,"Market cap of 6 of top-10 most valued firm fall by  ₹1.84 lakh crore; TCS, HUL, Infosys take biggest hit",https://www.livemint.com/market/stock-market-news/mcap-of-6-of-top-10-most-valued-firm-fall-by-rs-1-84-lakh-crore-tcs-takes-biggest-hit-11686469888443.html,"Six of India's top 10 most valuable firms saw a combined erosion of  ₹1.84 lakh crore last week. The largest hit was taken by Tata Consultancy Services, followed by Hindustan Unilever and Infosys. However, Reliance Industries, HDFC Bank, HDFC Ltd and ICICI Bank all saw a jump in market valuation.",2023-06-11 08:18:32,live_mint,Infosys,11854534-25b6-11ec-a50c-8c859079d2ba,INFY,Infosys Ltd.,IT - Software
2d903a62-0885-11ee-ad77-acde48001122,"Market cap of 6 of top-10 most valued firm fall by  ₹1.84 lakh crore; TCS, HUL, Infosys take biggest hit",https://www.livemint.com/market/stock-market-news/mcap-of-6-of-top-10-most-valued-firm-fall-by-rs-1-84-lakh-crore-tcs-takes-biggest-hit-11686469888443.html,"Six of India's top 10 most valuable firms saw a combined erosion of  ₹1.84 lakh crore last week. The largest hit was taken by Tata Consultancy Services, followed by Hindustan Unilever and Infosys. However, Reliance Industries, HDFC Bank, HDFC Ltd and ICICI Bank all saw a jump in market valuation.",2023-06-11 08:18:32,live_mint,TCS,118786d0-25b6-11ec-995a-8c859079d2ba,TCS,Tata Consultancy Services Ltd.,IT - Software
2d903a80-0885-11ee-ad77-acde48001122,Respite for real estate after RBI’s pause; here are 7 stocks that are attractive,https://www.livemint.com/market/stock-market-news/respite-for-real-estate-after-rbi-s-pause-here-are-7-stocks-that-are-attractive-11686307810203.html,"The Reserve Bank of India's decision to hold the repo rate for the second consecutive time is expected to have a positive impact on the real estate industry. The move comes amid signs of strength in the real estate sector despite rising interest rates.",2023-06-11 06:20:52,live_mint,RBI,,nan,nan,nan
2d903ab2-0885-11ee-ad77-acde48001122,"Stock market triggers: US Fed policy, IIP, CPI, among factors that may drive Sensex, Nifty this week",https://www.livemint.com/market/stock-market-news/stock-market-triggers-us-fed-policy-iip-cpi-among-factors-that-may-drive-sensex-nifty-this-week-11686415667390.html,"Indian indices will be affected by US Fed policy, macroeconomic data like IIP data, CPI Inflation and WPI would affect it next week.",2023-06-11 01:26:11,live_mint,Sensex,,nan,nan,nan
2d903ab2-0885-11ee-ad77-acde48001122,"Stock market triggers: US Fed policy, IIP, CPI, among factors that may drive Sensex, Nifty this week",https://www.livemint.com/market/stock-market-news/stock-market-triggers-us-fed-policy-iip-cpi-among-factors-that-may-drive-sensex-nifty-this-week-11686415667390.html,"Indian indices will be affected by US Fed policy, macroeconomic data like IIP data, CPI Inflation and WPI would affect it next week.",2023-06-11 01:26:11,live_mint,US Fed,,nan,nan,nan
2d903a4e-0885-11ee-ad77-acde48001122,"TCS, Canara bank, Indian Bank, Piramal Enterprises, these 27 stocks to turn ex-dividend this week, check full list here",https://www.livemint.com/market/stock-market-news/tcs-canara-bank-indian-bank-piramal-enterprises-these-27-stocks-to-turn-ex-dividend-this-week-check-full-list-here-11686478739980.html,"Tata Consultancy Services (TCS), Tata Investment Corporation, Canara Bank, Indian Bank and others will trade ex-dividend this week with respect to the interim dividends announced by the companies.",2023-06-11 11:06:32,live_mint,Canara,,nan,nan,nan
2d903a4e-0885-11ee-ad77-acde48001122,"TCS, Canara bank, Indian Bank, Piramal Enterprises, these 27 stocks to turn ex-dividend this week, check full list here",https://www.livemint.com/market/stock-market-news/tcs-canara-bank-indian-bank-piramal-enterprises-these-27-stocks-to-turn-ex-dividend-this-week-check-full-list-here-11686478739980.html,"Tata Consultancy Services (TCS), Tata Investment Corporation, Canara Bank, Indian Bank and others will trade ex-dividend this week with respect to the interim dividends announced by the companies.",2023-06-11 11:06:32,live_mint,Indian Bank,1187a734-25b6-11ec-bfaa-8c859079d2ba,INDIANB,Indian Bank,Bank - Public
2d903a4e-0885-11ee-ad77-acde48001122,"TCS, Canara bank, Indian Bank, Piramal Enterprises, these 27 stocks to turn ex-dividend this week, check full list here",https://www.livemint.com/market/stock-market-news/tcs-canara-bank-indian-bank-piramal-enterprises-these-27-stocks-to-turn-ex-dividend-this-week-check-full-list-here-11686478739980.html,"Tata Consultancy Services (TCS), Tata Investment Corporation, Canara Bank, Indian Bank and others will trade ex-dividend this week with respect to the interim dividends announced by the companies.",2023-06-11 11:06:32,live_mint,Piramal Enterprises,118551ee-25b6-11ec-b7f0-8c859079d2ba,PEL,Piramal Enterprises Ltd.,Pharmaceuticals & Drugs
2d903a4e-0885-11ee-ad77-acde48001122,"TCS, Canara bank, Indian Bank, Piramal Enterprises, these 27 stocks to turn ex-dividend this week, check full list here",https://www.livemint.com/market/stock-market-news/tcs-canara-bank-indian-bank-piramal-enterprises-these-27-stocks-to-turn-ex-dividend-this-week-check-full-list-here-11686478739980.html,"Tata Consultancy Services (TCS), Tata Investment Corporation, Canara Bank, Indian Bank and others will trade ex-dividend this week with respect to the interim dividends announced by the companies.",2023-06-11 11:06:32,live_mint,TCS,118786d0-25b6-11ec-995a-8c859079d2ba,TCS,Tata Consultancy Services Ltd.,IT - Software
2d903bf2-0885-11ee-ad77-acde48001122,Global Market: Tech stocks push S&amp;P 500 further into bull market,https://www.livemint.com/market/stock-market-news/tech-stocks-push-s-p-500-further-into-bull-market-markets-wrap-11686344956769.html,"The S&amp;amp;P 500 rose 0.4%, as tech shares drove another session of gains with Tesla Inc. up 5.8% after General Motors Co. announced it’s joining the company’s charging network",2023-06-09 21:15:52,live_mint,S & am,,nan,nan,nan
2d903bac-0885-11ee-ad77-acde48001122,"Tesla regains momentum on stock market, record run drives nearly $200 billion jump in value",https://www.livemint.com/market/stock-market-news/tesla-regains-momentum-on-stock-market-record-run-drives-nearly-200-billion-jump-in-value-elon-musk-twitter-11686362515481.html,"After more than a year of rough ride on the stock markets, EV maker Tesla is finally picking some momentum on the bourses. Elon Musk's company added more than $194 billion to its market valuation in an 11-day run",2023-06-10 02:12:03,live_mint,Tesla,,nan,nan,nan
2d903a30-0885-11ee-ad77-acde48001122,These 3 Tata Group stocks to trade ex-dividend this week. Do you own any?,https://www.livemint.com/market/stock-market-news/these-3-tata-group-stocks-to-trade-ex-dividend-this-week-do-you-own-any-11686482039272.html,"Three Tata Group stocks, TCS, Tata Investment Corporation, and Tata Chemicals, will trade ex-dividend this week with TCS declaring a final dividend of  ₹48.",2023-06-11 12:28:05,live_mint,Tata Group,,nan,nan,nan
2d903b8e-0885-11ee-ad77-acde48001122,Why rally in Tata Motors share may continue before Tata Technologies IPO launch — explained,https://www.livemint.com/market/stock-market-news/why-rally-in-tata-motors-share-may-continue-before-tata-technologies-ipo-launch-explained-11686364881329.html,Tata Motors shares have surged more than 30% to  ₹562 per share since Tata Technologies filed a DRHP for its IPO,2023-06-10 02:53:10,live_mint,Tata Motors,118565e4-25b6-11ec-9e12-8c859079d2ba,TATAMOTORS,Tata Motors Ltd.,Automobiles-Trucks-Lcv
2d903b8e-0885-11ee-ad77-acde48001122,Why rally in Tata Motors share may continue before Tata Technologies IPO launch — explained,https://www.livemint.com/market/stock-market-news/why-rally-in-tata-motors-share-may-continue-before-tata-technologies-ipo-launch-explained-11686364881329.html,Tata Motors shares have surged more than 30% to  ₹562 per share since Tata Technologies filed a DRHP for its IPO,2023-06-10 02:53:10,live_mint,Tata Technologies IPO,118a212e-25b6-11ec-8f46-8c859079d2ba,AAATECH,AAA Technologies Ltd.,BPO-ITeS
2d903db4-0885-11ee-ad77-acde48001122,Bhansali Engg Polymers take a 12% dent as stock turns ex-dividend today,https://www.moneycontrol.com/news/buzzing-stocks/bhansali-engg-polymers-take12-dent-as-stock-turns-ex-dividend-today_17076981.html,"Bhansali Engineering stock has given a return of 24.45 percent over the last six months. Thus, outperforming the Nifty50 benchmark index which has given a return of 0.71 percent over the same duration.",2023-06-09 07:38:18,money_control,Bhansali Engg Polymers,1185329a-25b6-11ec-8df0-8c859079d2ba,BEPL,Bhansali Engineering Polymers Ltd.,Chemicals
2d903dc8-0885-11ee-ad77-acde48001122,Brightcom shares surge 20% to hit upper circuit on 4th day of rally,https://www.moneycontrol.com/news/buzzing-stocks/brightcom-shares-surge-20-to-hit-upper-circuit4th-dayrally_17076961.html,Ace investor Shankar Sharma holds 1.25 percent in Brightcom Group,2023-06-09 07:32:19,money_control,Brightcom,,nan,nan,nan
2d903d82-0885-11ee-ad77-acde48001122,Gateway Distriparks surges 5% as ICD Faridabad connects to DFC,https://www.moneycontrol.com/news/buzzing-stocks/gateway-distriparks-surges-5-as-icd-faridabad-connects-to-dfc_17077001.html,"Gateway Distriparks has successfully operated a container train on DFC from its ICD in Faridabad, Haryana to Mundra Port in Gujarat.",2023-06-09 08:00:34,money_control,DFC,11878f40-25b6-11ec-b67c-8c859079d2ba,IDFC,IDFC Ltd.,Finance - NBFC
2d903d82-0885-11ee-ad77-acde48001122,Gateway Distriparks surges 5% as ICD Faridabad connects to DFC,https://www.moneycontrol.com/news/buzzing-stocks/gateway-distriparks-surges-5-as-icd-faridabad-connects-to-dfc_17077001.html,"Gateway Distriparks has successfully operated a container train on DFC from its ICD in Faridabad, Haryana to Mundra Port in Gujarat.",2023-06-09 08:00:34,money_control,Gateway Distripark,11878a2c-25b6-11ec-8c22-8c859079d2ba,GDL,Gateway Distriparks Ltd.,Logistics
2d903d82-0885-11ee-ad77-acde48001122,Gateway Distriparks surges 5% as ICD Faridabad connects to DFC,https://www.moneycontrol.com/news/buzzing-stocks/gateway-distriparks-surges-5-as-icd-faridabad-connects-to-dfc_17077001.html,"Gateway Distriparks has successfully operated a container train on DFC from its ICD in Faridabad, Haryana to Mundra Port in Gujarat.",2023-06-09 08:00:34,money_control,ICD Faridabad,,nan,nan,nan
2d903e5e-0885-11ee-ad77-acde48001122,IEX shares suffer a shock as Centre pushes for market coupling in power space,https://www.moneycontrol.com/news/buzzing-stocks/iex-shares-suffershock-as-centre-pushes-for-market-couplingpower-space_17076691.html,"Currently, according to the analysts, National Load Dispatch Center (NLDC) is acting as the market coupler – for a very small portion of the market, but now they expect the organisation to become a full-fledged market coupler role.",2023-06-09 05:20:49,money_control,Centre,,nan,nan,nan
2d903e5e-0885-11ee-ad77-acde48001122,IEX shares suffer a shock as Centre pushes for market coupling in power space,https://www.moneycontrol.com/news/buzzing-stocks/iex-shares-suffershock-as-centre-pushes-for-market-couplingpower-space_17076691.html,"Currently, according to the analysts, National Load Dispatch Center (NLDC) is acting as the market coupler – for a very small portion of the market, but now they expect the organisation to become a full-fledged market coupler role.",2023-06-09 05:20:49,money_control,IEX,11882dba-25b6-11ec-82b9-8c859079d2ba,IEX,Indian Energy Exchange Ltd.,Power Generation-Distribution
2d903d64-0885-11ee-ad77-acde48001122,KPI Green Energy zooms 7% to hit 52-week high,https://www.moneycontrol.com/news/buzzing-stocks/kpi-green-energy-zooms-7-to-hit-52-week-high_17077031.html,"The company got commissioning certificates from the Gujarat Energy Development Agency for a 7.20 MW wind-solar hybrid power project, the second such nod in a many days",2023-06-09 08:15:55,money_control,KPI Green Energy,118a1242-25b6-11ec-ad52-8c859079d2ba,543310,Times Green Energy (India) Ltd.,Trading
2d903d96-0885-11ee-ad77-acde48001122,Market coupling casts a shadow on IEX. What should investors do?,https://www.moneycontrol.com/news/buzzing-stocks/market-coupling-castsshadowiex-what-should-investors-do_17076991.html,Market coupling refers to forming of a single power trading entity owned by the government where price discovery will happen with power getting dispatched to short-term power trading platforms,2023-06-09 07:42:03,money_control,IEX,11882dba-25b6-11ec-82b9-8c859079d2ba,IEX,Indian Energy Exchange Ltd.,Power Generation-Distribution
2d903d1e-0885-11ee-ad77-acde48001122,"Paytm gains on RBI nod to First Loan Default Guarantee model, up third day in a row",https://www.moneycontrol.com/news/buzzing-stocks/paytm-gainsrbi-nod-to-first-loan-default-guarantee-modelthird-daya-row_17077191.html,"FLDG helps banks and NBFCs cover potential losses, as well as gives them confidence that fintechs understand credit risk",2023-06-09 09:36:17,money_control,First Loan Defa G,,nan,nan,nan
2d903d1e-0885-11ee-ad77-acde48001122,"Paytm gains on RBI nod to First Loan Default Guarantee model, up third day in a row",https://www.moneycontrol.com/news/buzzing-stocks/paytm-gainsrbi-nod-to-first-loan-default-guarantee-modelthird-daya-row_17077191.html,"FLDG helps banks and NBFCs cover potential losses, as well as gives them confidence that fintechs understand credit risk",2023-06-09 09:36:17,money_control,Paytm,,nan,nan,nan
2d903d1e-0885-11ee-ad77-acde48001122,"Paytm gains on RBI nod to First Loan Default Guarantee model, up third day in a row",https://www.moneycontrol.com/news/buzzing-stocks/paytm-gainsrbi-nod-to-first-loan-default-guarantee-modelthird-daya-row_17077191.html,"FLDG helps banks and NBFCs cover potential losses, as well as gives them confidence that fintechs understand credit risk",2023-06-09 09:36:17,money_control,RBI,,nan,nan,nan
2d903d32-0885-11ee-ad77-acde48001122,Premier Explosives takes off on order wins but profit booking pulls it down,https://www.moneycontrol.com/news/buzzing-stocks/premier-explosives-takes-offorder-winsprofit-booking-pulls-it-down_17077091.html,Premier Explosives has received a Rs 43.26-crore order to supply PI  P2 motors to Bharat Dynamics for Medium Range Surface to Air Mission. The second order is from Larsen  Toubro,2023-06-09 08:45:49,money_control,Premier Explosives,1186addc-25b6-11ec-b01e-8c859079d2ba,PREMEXPLN,Premier Explosives Ltd.,Chemicals
2d903e18-0885-11ee-ad77-acde48001122,Schneider Electric slumps 4% as MD  CEO resigns,https://www.moneycontrol.com/news/buzzing-stocks/schneider-electric-slumps-4-as-mdceo-resigns_17076811.html,"Sanjay Sudhakaran, Managing Director and Chief Executive Officer of Schneider Electric Infrastructure,Why this mid sized cement manufacturer merits investors attention? | Stock of the day resigned on June 8, 2023 to pursue a career outside the organisation.",2023-06-09 06:18:56,money_control,MD,,nan,nan,nan
2d903e18-0885-11ee-ad77-acde48001122,Schneider Electric slumps 4% as MD  CEO resigns,https://www.moneycontrol.com/news/buzzing-stocks/schneider-electric-slumps-4-as-mdceo-resigns_17076811.html,"Sanjay Sudhakaran, Managing Director and Chief Executive Officer of Schneider Electric Infrastructure,Why this mid sized cement manufacturer merits investors attention? | Stock of the day resigned on June 8, 2023 to pursue a career outside the organisation.",2023-06-09 06:18:56,money_control,Schneider Electric,,nan,nan,nan
2d903e4a-0885-11ee-ad77-acde48001122,SpiceJet flies 5.5% higher on plans to induct 10 Boeing 737 aircraft,https://www.moneycontrol.com/news/buzzing-stocks/spicejet-flies-55-higherplans-to-induct-10-boeing-737-aircraft_17076771.html,The announcement came just a day after the SpiceJet said that it had partnered with FTAI Aviation to effectively manage maintenance expenses and minimize aircraft downtime.,2023-06-09 05:57:09,money_control,SpiceJet,11854fdc-25b6-11ec-b892-8c859079d2ba,SPICEJET,SpiceJet Ltd.,Airlines
2d903e2c-0885-11ee-ad77-acde48001122,"Sugar stocks in a sweet spot, El Nino arrival sparks shortage fears",https://www.moneycontrol.com/news/buzzing-stocks/sugar-stocksa-sweet-spot-el-nino-arrival-sparks-shortage-fears_17076791.html,"The US National Oceanic and Atmospheric Administration#39;s Climate Prediction Center said on June 8 that El Nino has kicked off. The weather pattern has often been associated with inadequate monsoon rains in India, the world#39;s biggest sugar producer",2023-06-09 06:15:20,money_control,El Nino,,nan,nan,nan
2d903de6-0885-11ee-ad77-acde48001122,Sula Vineyards hits record high with 10% rally in 3rd straight session in green,https://www.moneycontrol.com/news/buzzing-stocks/sula-vineyards-hits-record-high10-rally3rd-straight-sessiongreen_17076921.html,"Sula Vineyards has reported a strong performance for the full year, with a net profit of Rs 84 crore, up 61% from a year ago. Revenues for FY23 jumped 22% year on year to Rs 553 crore.",2023-06-09 07:11:08,money_control,Sula Vineyards,,nan,nan,nan
2d903dfa-0885-11ee-ad77-acde48001122,Tata Teleservices jumps 30% in 3 days on robust trading volumes,https://www.moneycontrol.com/news/buzzing-stocks/tata-teleservices-jumps-303-daysrobust-trading-volumes_17076851.html,"Tata Teleservices posted a net loss of Rs 277 crore for the three months to March, marginally down from the Rs 280 crore loss clocked in the corresponding quarter of FY23.",2023-06-09 06:33:49,money_control,Tata Teleservices,,nan,nan,nan